id,firstname,lastname,email
0,Madalyn,Zina,Madalyn.Zina@yopmail.com
1,Mallory,Fosque,Mallory.Fosque@yopmail.com
2,Lexine,Giule,Lexine.Giule@yopmail.com
3,Sabina,Raffo,Sabina.Raffo@yopmail.com
4,Randa,Avi,Randa.Avi@yopmail.com
5,Ericka,Mendez,Ericka.Mendez@yopmail.com
6,Tera,Lia,Tera.Lia@yopmail.com
7,Rosabelle,Bouchard,Rosabelle.Bouchard@yopmail.com
8,Damaris,Swanhildas,Damaris.Swanhildas@yopmail.com
9,Leeanne,Milde,Leeanne.Milde@yopmail.com