id,firstname,lastname,email,country,city
0,Madalyn,Zina,Madalyn.Zina@yopmail.com,Nauru,Port Louis
1,Mallory,Fosque,Mallory.Fosque@yopmail.com,Seychelles,Calgary
2,Lexine,Giule,Lexine.Giule@yopmail.com,Cote DIvoire,Melbourne
3,Sabina,Raffo,Sabina.Raffo@yopmail.com,,
4,Randa,Avi,Randa.Avi@yopmail.com,Hungary,London
5,Ericka,Mendez,Ericka.Mendez@yopmail.com,Antarctica,Bratislava
6,Tera,Lia,Tera.Lia@yopmail.com,Korea,Democratic PeopleS Republic of Stuttgart
7,Rosabelle,Bouchard,Rosabelle.Bouchard@yopmail.com,,
8,Damaris,Swanhildas,Damaris.Swanhildas@yopmail.com,,
9,Leeanne,Milde,Leeanne.Milde@yopmail.com,,
