 id,firstname,lastname,email , id,firstname,lastname,email 
 0,Riannon,Etom,Riannon.Etom@yopmail.com , 0,Keelia,Doig,Keelia.Doig@yopmail.com 
 1,Elbertina,Bandeen,Elbertina.Bandeen@yopmail.com , 1,Merry,Hoban,Merry.Hoban@yopmail.com 
 2,Celene,Peti,Celene.Peti@yopmail.com , 2,Zaria,Karylin,Zaria.Karylin@yopmail.com 
 3,Darci,Thilda,Darci.Thilda@yopmail.com , 3,Aigneis,Pitt,Aigneis.Pitt@yopmail.com 
 4,Sybille,Jena,Sybille.Jena@yopmail.com , 4,Dode,Aprile,Holt.Aprile@yopmail.com 
 ,,, , 5,Zaria,Hoban,Zupe.Aprile@yopmail.com 
 ,,, , 6,Merry,Aigneis,Mute.Aprile@yopmail.com 
